Cep;Latitude;Longitude;UF;Cidade
57303601;-9,3987824;-36,6216625;AL;
57600005;-9,4065239;-36,6301436;AL;PALMEIRA DOS ÍNDIOS
57600010;-9,4057959;-36,6310295;AL;PALMEIRA DOS ÍNDIOS
57600020;-9,4057607;-36,6299534;AL;PALMEIRA DOS ÍNDIOS
57600025;-9,4059746;-36,6298157;AL;PALMEIRA DOS ÍNDIOS
57600030;-9,4066579;-36,6303345;AL;PALMEIRA DOS ÍNDIOS
57600040;-9,4077483;-36,6292427;AL;PALMEIRA DOS ÍNDIOS
57600050;-9,406216;-36,6289507;AL;PALMEIRA DOS ÍNDIOS
57600055;-9,4014707;-36,6302808;AL;PALMEIRA DOS ÍNDIOS
57600060;-9,4055085;-36,6290085;AL;PALMEIRA DOS ÍNDIOS
57600070;-9,4070512;-36,6283491;AL;PALMEIRA DOS ÍNDIOS
57600080;-9,4073701;-36,6288626;AL;PALMEIRA DOS ÍNDIOS
57600090;-9,4069999;-36,629916;AL;PALMEIRA DOS ÍNDIOS
57600095;-9,4076184;-36,6307734;AL;PALMEIRA DOS ÍNDIOS
57600100;-9,4048706;-36,6298912;AL;PALMEIRA DOS ÍNDIOS
57600105;-9,4038929;-36,6296058;AL;PALMEIRA DOS ÍNDIOS
57600120;-9,4066545;-36,6312596;AL;PALMEIRA DOS ÍNDIOS
57600130;-9,4065392;-36,6317827;AL;PALMEIRA DOS ÍNDIOS
57600140;-9,4045328;-36,6280913;AL;PALMEIRA DOS ÍNDIOS
57600145;-9,4044325;-36,6271471;AL;PALMEIRA DOS ÍNDIOS
57600150;-9,4049867;-36,6279216;AL;PALMEIRA DOS ÍNDIOS
57600160;-9,4053249;-36,628436;AL;PALMEIRA DOS ÍNDIOS
57600170;-9,4057233;-36,6277096;AL;PALMEIRA DOS ÍNDIOS
57600180;-9,4067867;-36,6279134;AL;PALMEIRA DOS ÍNDIOS
57600190;-9,4074587;-36,6281139;AL;PALMEIRA DOS ÍNDIOS
57600200;-9,4073556;-36,6268977;AL;PALMEIRA DOS ÍNDIOS
57600205;-9,406106;-36,6331433;AL;PALMEIRA DOS ÍNDIOS
57600210;-9,4053404;-36,6266633;AL;PALMEIRA DOS ÍNDIOS
57600215;-9,4060724;-36,6264258;AL;PALMEIRA DOS ÍNDIOS
57600220;-9,4047045;-36,6260856;AL;PALMEIRA DOS ÍNDIOS
57600225;-9,4032838;-36,624615;AL;PALMEIRA DOS ÍNDIOS
57600230;-9,4048947;-36,6273348;AL;PALMEIRA DOS ÍNDIOS
57600240;-9,4031404;-36,6269631;AL;PALMEIRA DOS ÍNDIOS
57600250;-9,4039678;-36,6273801;AL;PALMEIRA DOS ÍNDIOS
57600260;-9,4037046;-36,6268599;AL;PALMEIRA DOS ÍNDIOS
57600270;-9,4038665;-36,6258728;AL;PALMEIRA DOS ÍNDIOS
57600280;-9,4022704;-36,6262157;AL;PALMEIRA DOS ÍNDIOS
57600290;-9,4074012;-36,6307734;AL;PALMEIRA DOS ÍNDIOS
57600300;-9,4076377;-36,6309561;AL;PALMEIRA DOS ÍNDIOS
57600310;-9,4082314;-36,629553;AL;PALMEIRA DOS ÍNDIOS
57600320;-9,4091585;-36,6303492;AL;PALMEIRA DOS ÍNDIOS
57600325;-9,4106022;-36,6299082;AL;PALMEIRA DOS ÍNDIOS
57600330;-9,4101314;-36,6305374;AL;PALMEIRA DOS ÍNDIOS
57600340;-9,4085774;-36,6308451;AL;PALMEIRA DOS ÍNDIOS
57600350;-9,4087929;-36,6317562;AL;PALMEIRA DOS ÍNDIOS
57600360;-9,4101129;-36,6308247;AL;PALMEIRA DOS ÍNDIOS
57600370;-9,4093038;-36,6310006;AL;PALMEIRA DOS ÍNDIOS
57600380;-9,4092162;-36,6310599;AL;PALMEIRA DOS ÍNDIOS
57600390;-9,4099885;-36,6321766;AL;PALMEIRA DOS ÍNDIOS
57600395;-9,4099172;-36,6331055;AL;PALMEIRA DOS ÍNDIOS
57600400;-9,406106;-36,6331433;AL;PALMEIRA DOS ÍNDIOS
57600405;-9,4090636;-36,6342997;AL;PALMEIRA DOS ÍNDIOS
57600410;-9,4075377;-36,631673;AL;PALMEIRA DOS ÍNDIOS
57600420;-9,4077203;-36,6320634;AL;PALMEIRA DOS ÍNDIOS
57600425;-9,4070056;-36,6344211;AL;
57600430;-9,4070056;-36,6344211;AL;PALMEIRA DOS ÍNDIOS
57600440;-9,404564;-36,6323829;AL;PALMEIRA DOS ÍNDIOS
57600450;-9,4049525;-36,632052;AL;PALMEIRA DOS ÍNDIOS
57600460;-9,4052702;-36,631598;AL;PALMEIRA DOS ÍNDIOS
57600465;-9,4041583;-36,6312517;AL;PALMEIRA DOS ÍNDIOS
57600470;-9,4045822;-36,6306355;AL;PALMEIRA DOS ÍNDIOS
57600480;-9,4045065;-36,6290763;AL;PALMEIRA DOS ÍNDIOS
57600540;-9,4031404;-36,6269631;AL;PALMEIRA DOS ÍNDIOS
57600550;-9,4027375;-36,6287666;AL;PALMEIRA DOS ÍNDIOS
57600555;-9,4019813;-36,6297042;AL;PALMEIRA DOS ÍNDIOS
57600560;-9,4009364;-36,6284903;AL;PALMEIRA DOS ÍNDIOS
57600565;-9,4031404;-36,6269631;AL;PALMEIRA DOS ÍNDIOS
57600570;-9,4038929;-36,6296058;AL;PALMEIRA DOS ÍNDIOS
57600575;-9,403213;-36,6290425;AL;PALMEIRA DOS ÍNDIOS
57600580;-9,4033367;-36,6295824;AL;PALMEIRA DOS ÍNDIOS
57600590;-9,4008245;-36,6301273;AL;PALMEIRA DOS ÍNDIOS
57600595;-9,4021763;-36,6299379;AL;PALMEIRA DOS ÍNDIOS
57600600;-9,4024202;-36,630788;AL;PALMEIRA DOS ÍNDIOS
57600610;-9,4036025;-36,6302727;AL;PALMEIRA DOS ÍNDIOS
57600620;-9,4026217;-36,6305248;AL;PALMEIRA DOS ÍNDIOS
57600630;-9,4021702;-36,6307226;AL;PALMEIRA DOS ÍNDIOS
57600640;-9,406106;-36,6331433;AL;PALMEIRA DOS ÍNDIOS
57600645;-9,4039742;-36,6310284;AL;PALMEIRA DOS ÍNDIOS
57600650;-9,4175234;-36,6217938;AL;PALMEIRA DOS ÍNDIOS
57600660;-9,4037833;-36,6314622;AL;PALMEIRA DOS ÍNDIOS
57600665;-9,4037197;-36,6314529;AL;PALMEIRA DOS ÍNDIOS
57600670;-9,4031649;-36,6316821;AL;PALMEIRA DOS ÍNDIOS
57600680;-9,4030868;-36,6320792;AL;PALMEIRA DOS ÍNDIOS
57600688;-9,406106;-36,6331433;AL;PALMEIRA DOS ÍNDIOS
57600690;-9,4022748;-36,6318903;AL;PALMEIRA DOS ÍNDIOS
57600703;-9,401045;-36,6332176;AL;PALMEIRA DOS ÍNDIOS
57600704;-9,4019691;-36,6328683;AL;PALMEIRA DOS ÍNDIOS
57600705;-9,402561;-36,6321822;AL;PALMEIRA DOS ÍNDIOS
57600710;-9,4007558;-36,6303312;AL;PALMEIRA DOS ÍNDIOS
57600715;-9,4016724;-36,6309487;AL;PALMEIRA DOS ÍNDIOS
57600716;-9,4012471;-36,6307766;AL;PALMEIRA DOS ÍNDIOS
57600720;-9,4011546;-36,6271483;AL;PALMEIRA DOS ÍNDIOS
57600725;-9,406106;-36,6331433;AL;PALMEIRA DOS ÍNDIOS
57600726;-9,4022705;-36,6262157;AL;PALMEIRA DOS ÍNDIOS
57600727;-9,4005883;-36,6262846;AL;PALMEIRA DOS ÍNDIOS
57600728;-9,4008504;-36,625991;AL;PALMEIRA DOS ÍNDIOS
57600800;-9,4008504;-36,625991;AL;PALMEIRA DOS ÍNDIOS
57600806;-9,4028534;-36,6265208;AL;PALMEIRA DOS ÍNDIOS
57600810;-9,4005883;-36,6262846;AL;PALMEIRA DOS ÍNDIOS
57600820;-9,3998284;-36,6260255;AL;PALMEIRA DOS ÍNDIOS
57600830;-9,4000753;-36,6250711;AL;PALMEIRA DOS ÍNDIOS
57600840;-9,3994628;-36,6249248;AL;PALMEIRA DOS ÍNDIOS
57600959;-9,408066;-36,6288781;AL;
57600970;-9,408066;-36,6288781;AL;PALMEIRA DOS ÍNDIOS
57601010;-9,4081431;-36,636549;AL;PALMEIRA DOS ÍNDIOS
57601020;-9,4096465;-36,6357228;AL;PALMEIRA DOS ÍNDIOS
57601030;-9,4088083;-36,6358024;AL;PALMEIRA DOS ÍNDIOS
57601040;-9,4091776;-36,6376068;AL;PALMEIRA DOS ÍNDIOS
57601050;-9,4124043;-36,6324905;AL;PALMEIRA DOS ÍNDIOS
57601060;-9,4107829;-36,6322433;AL;PALMEIRA DOS ÍNDIOS
57601070;-9,4099172;-36,6331055;AL;PALMEIRA DOS ÍNDIOS
57601080;-9,4091328;-36,6344312;AL;PALMEIRA DOS ÍNDIOS
57601085;-9,4092049;-36,6344271;AL;PALMEIRA DOS ÍNDIOS
57601090;-9,4136688;-36,6348167;AL;PALMEIRA DOS ÍNDIOS
57601100;-9,4183053;-36,6355077;AL;PALMEIRA DOS ÍNDIOS
57601120;-9,4123262;-36,6317047;AL;PALMEIRA DOS ÍNDIOS
57601123;-9,4200088;-36,6240803;AL;PALMEIRA DOS ÍNDIOS
57601130;-9,4124043;-36,6324905;AL;PALMEIRA DOS ÍNDIOS
57601140;-9,4120631;-36,6358278;AL;PALMEIRA DOS ÍNDIOS
57601150;-9,413421;-36,636701;AL;PALMEIRA DOS ÍNDIOS
57601160;-9,4161058;-36,6333563;AL;PALMEIRA DOS ÍNDIOS
57601170;-9,4135123;-36,6339058;AL;PALMEIRA DOS ÍNDIOS
57601175;-9,4127831;-36,6370695;AL;PALMEIRA DOS ÍNDIOS
57601180;-9,4146415;-36,6325506;AL;PALMEIRA DOS ÍNDIOS
57601185;-9,4152615;-36,6325752;AL;PALMEIRA DOS ÍNDIOS
57601190;-9,4154946;-36,6321925;AL;PALMEIRA DOS ÍNDIOS
57601200;-9,4138989;-36,6312023;AL;PALMEIRA DOS ÍNDIOS
57601210;-9,4156702;-36,6326883;AL;PALMEIRA DOS ÍNDIOS
57601220;-9,4108481;-36,6452971;AL;PALMEIRA DOS ÍNDIOS
57601230;-9,4146713;-36,6361588;AL;PALMEIRA DOS ÍNDIOS
57601240;-9,4140924;-36,6361522;AL;PALMEIRA DOS ÍNDIOS
57601250;-9,4140911;-36,6367468;AL;PALMEIRA DOS ÍNDIOS
57601260;-9,413908;-36,637517;AL;PALMEIRA DOS ÍNDIOS
57601270;-9,4028534;-36,6265208;AL;PALMEIRA DOS ÍNDIOS
57601275;-9,406106;-36,6331433;AL;PALMEIRA DOS ÍNDIOS
57601280;-9,4120101;-36,6370954;AL;PALMEIRA DOS ÍNDIOS
57601290;-9,4116128;-36,637635;AL;PALMEIRA DOS ÍNDIOS
57601300;-9,406106;-36,6331433;AL;PALMEIRA DOS ÍNDIOS
57601304;-9,4289988;-36,6223318;AL;
57601308;-9,4119931;-36,6358175;AL;
57601310;-9,4111978;-36,6389702;AL;PALMEIRA DOS ÍNDIOS
57601315;-9,4104056;-36,6374456;AL;PALMEIRA DOS ÍNDIOS
57601317;-9,4135123;-36,6339058;AL;
57601320;-9,4114524;-36,6436069;AL;PALMEIRA DOS ÍNDIOS
57601322;-9,4112214;-36,6440351;AL;PALMEIRA DOS ÍNDIOS
57601324;-9,4110568;-36,6445103;AL;PALMEIRA DOS ÍNDIOS
57601326;-9,406106;-36,6331433;AL;PALMEIRA DOS ÍNDIOS
57601328;-9,4105298;-36,6441832;AL;PALMEIRA DOS ÍNDIOS
57601330;-9,4107853;-36,6431309;AL;PALMEIRA DOS ÍNDIOS
57601332;-9,4110635;-36,6435591;AL;PALMEIRA DOS ÍNDIOS
57601334;-9,406106;-36,6331433;AL;PALMEIRA DOS ÍNDIOS
57601340;-9,4114706;-36,6383589;AL;PALMEIRA DOS ÍNDIOS
57601350;-9,4104056;-36,6374456;AL;PALMEIRA DOS ÍNDIOS
57601360;-9,4099601;-36,6368865;AL;PALMEIRA DOS ÍNDIOS
57601370;-9,4113775;-36,6337609;AL;PALMEIRA DOS ÍNDIOS
57601380;-9,4192854;-36,6344648;AL;PALMEIRA DOS ÍNDIOS
57601390;-9,4189514;-36,6346885;AL;PALMEIRA DOS ÍNDIOS
57601400;-9,406106;-36,6331433;AL;PALMEIRA DOS ÍNDIOS
57601410;-9,4187224;-36,6344488;AL;PALMEIRA DOS ÍNDIOS
57601420;-9,4180755;-36,6345266;AL;PALMEIRA DOS ÍNDIOS
57601422;-9,4175235;-36,63308;AL;PALMEIRA DOS ÍNDIOS
57601425;-9,4163175;-36,635805;AL;PALMEIRA DOS ÍNDIOS
57601430;-9,4175037;-36,6342276;AL;PALMEIRA DOS ÍNDIOS
57601440;-9,4173852;-36,6360093;AL;PALMEIRA DOS ÍNDIOS
57602000;-9,4102165;-36,6245606;AL;PALMEIRA DOS ÍNDIOS
57602010;-9,4099005;-36,6209387;AL;PALMEIRA DOS ÍNDIOS
57602020;-9,4100053;-36,6220709;AL;PALMEIRA DOS ÍNDIOS
57602030;-9,4090958;-36,624655;AL;PALMEIRA DOS ÍNDIOS
57602040;-9,4109554;-36,6226663;AL;PALMEIRA DOS ÍNDIOS
57602050;-9,4111004;-36,6247755;AL;PALMEIRA DOS ÍNDIOS
57602055;-9,4073556;-36,6268977;AL;PALMEIRA DOS ÍNDIOS
57602060;-9,4078003;-36,6262897;AL;PALMEIRA DOS ÍNDIOS
57602070;-9,4082693;-36,6257134;AL;PALMEIRA DOS ÍNDIOS
57602080;-9,411153;-36,6269799;AL;PALMEIRA DOS ÍNDIOS
57602090;-9,4088959;-36,6244699;AL;PALMEIRA DOS ÍNDIOS
57602100;-9,4098691;-36,6242939;AL;PALMEIRA DOS ÍNDIOS
57602110;-9,4102439;-36,623636;AL;PALMEIRA DOS ÍNDIOS
57602120;-9,4105026;-36,6228871;AL;PALMEIRA DOS ÍNDIOS
57602130;-9,4108746;-36,6262882;AL;PALMEIRA DOS ÍNDIOS
57602135;-9,4110905;-36,6260199;AL;PALMEIRA DOS ÍNDIOS
57602140;-9,4121804;-36,6233673;AL;PALMEIRA DOS ÍNDIOS
57602145;-9,4121804;-36,6233673;AL;PALMEIRA DOS ÍNDIOS
57602150;-9,4115179;-36,621174;AL;PALMEIRA DOS ÍNDIOS
57602160;-9,4114781;-36,6219491;AL;PALMEIRA DOS ÍNDIOS
57602170;-9,4117182;-36,6282214;AL;PALMEIRA DOS ÍNDIOS
57602175;-9,4106132;-36,6288911;AL;PALMEIRA DOS ÍNDIOS
57602180;-9,4120394;-36,6289703;AL;PALMEIRA DOS ÍNDIOS
57602185;-9,4104374;-36,629209;AL;PALMEIRA DOS ÍNDIOS
57602190;-9,412749;-36,6264588;AL;PALMEIRA DOS ÍNDIOS
57602195;-9,4110905;-36,6260199;AL;PALMEIRA DOS ÍNDIOS
57602200;-9,4125516;-36,6291963;AL;PALMEIRA DOS ÍNDIOS
57602210;-9,4133668;-36,6267383;AL;PALMEIRA DOS ÍNDIOS
57602220;-9,4137453;-36,6255251;AL;PALMEIRA DOS ÍNDIOS
57602230;-9,4151606;-36,6261655;AL;PALMEIRA DOS ÍNDIOS
57602240;-9,4112045;-36,6270083;AL;PALMEIRA DOS ÍNDIOS
57602250;-9,4114903;-36,6290549;AL;PALMEIRA DOS ÍNDIOS
57602255;-9,4111493;-36,6284947;AL;PALMEIRA DOS ÍNDIOS
57602260;-9,4158469;-36,6231047;AL;PALMEIRA DOS ÍNDIOS
57602270;-9,4215234;-36,6200263;AL;PALMEIRA DOS ÍNDIOS
57602275;-9,4173881;-36,6249953;AL;PALMEIRA DOS ÍNDIOS
57602280;-9,4159227;-36,6242105;AL;PALMEIRA DOS ÍNDIOS
57602282;-9,4146001;-36,6241679;AL;PALMEIRA DOS ÍNDIOS
57602285;-9,4160007;-36,6253324;AL;PALMEIRA DOS ÍNDIOS
57602290;-9,4205141;-36,6216778;AL;PALMEIRA DOS ÍNDIOS
57602300;-9,4167034;-36,622938;AL;PALMEIRA DOS ÍNDIOS
57602315;-9,4134792;-36,624265;AL;PALMEIRA DOS ÍNDIOS
57602320;-9,4143359;-36,6229367;AL;PALMEIRA DOS ÍNDIOS
57602325;-9,414076;-36,6255998;AL;PALMEIRA DOS ÍNDIOS
57602330;-9,4146172;-36,623683;AL;PALMEIRA DOS ÍNDIOS
57602334;-9,4138017;-36,6206509;AL;PALMEIRA DOS ÍNDIOS
57602335;-9,4146184;-36,6236812;AL;PALMEIRA DOS ÍNDIOS
57602340;-9,4152086;-36,6240178;AL;PALMEIRA DOS ÍNDIOS
57602345;-9,4151606;-36,6261655;AL;PALMEIRA DOS ÍNDIOS
57602350;-9,4161663;-36,6238703;AL;PALMEIRA DOS ÍNDIOS
57602360;-9,4226119;-36,6199796;AL;PALMEIRA DOS ÍNDIOS
57602370;-9,4149346;-36,6216997;AL;PALMEIRA DOS ÍNDIOS
57602380;-9,4158467;-36,6216024;AL;PALMEIRA DOS ÍNDIOS
57602390;-9,406106;-36,6331433;AL;PALMEIRA DOS ÍNDIOS
57602400;-9,4175234;-36,6217938;AL;PALMEIRA DOS ÍNDIOS
57602405;-9,418624;-36,6213835;AL;PALMEIRA DOS ÍNDIOS
57602410;-9,415153;-36,6211373;AL;PALMEIRA DOS ÍNDIOS
57602420;-9,4156717;-36,6212983;AL;PALMEIRA DOS ÍNDIOS
57602430;-9,4158467;-36,6216024;AL;PALMEIRA DOS ÍNDIOS
57602440;-9,4164428;-36,6223927;AL;PALMEIRA DOS ÍNDIOS
57602450;-9,416331;-36,6217659;AL;PALMEIRA DOS ÍNDIOS
57602460;-9,4168054;-36,6218934;AL;PALMEIRA DOS ÍNDIOS
57602465;-9,4204268;-36,6303205;AL;PALMEIRA DOS ÍNDIOS
57602470;-9,4175799;-36,621884;AL;PALMEIRA DOS ÍNDIOS
57602480;-9,4177393;-36,622224;AL;PALMEIRA DOS ÍNDIOS
57602490;-9,4139149;-36,6291161;AL;PALMEIRA DOS ÍNDIOS
57602491;-9,4226119;-36,6199796;AL;PALMEIRA DOS ÍNDIOS
57602492;-9,418624;-36,6213835;AL;PALMEIRA DOS ÍNDIOS
57602493;-9,4194782;-36,6215806;AL;PALMEIRA DOS ÍNDIOS
57602494;-9,4191737;-36,6201607;AL;PALMEIRA DOS ÍNDIOS
57602495;-9,4201769;-36,6197572;AL;PALMEIRA DOS ÍNDIOS
57602496;-9,4219924;-36,6192095;AL;PALMEIRA DOS ÍNDIOS
57602497;-9,4102165;-36,6245606;AL;PALMEIRA DOS ÍNDIOS
57602498;-9,4199794;-36,6195026;AL;PALMEIRA DOS ÍNDIOS
57602499;-9,4195299;-36,6189801;AL;PALMEIRA DOS ÍNDIOS
57602500;-9,4187282;-36,6187758;AL;PALMEIRA DOS ÍNDIOS
57602501;-9,419083;-36,6218648;AL;PALMEIRA DOS ÍNDIOS
57602520;-9,4061835;-36,6244096;AL;PALMEIRA DOS ÍNDIOS
57602525;-9,4204178;-36,6200541;AL;PALMEIRA DOS ÍNDIOS
57602530;-9,4120394;-36,6289703;AL;PALMEIRA DOS ÍNDIOS
57602531;-9,4054552;-36,6236848;AL;PALMEIRA DOS ÍNDIOS
57602532;-9,4050305;-36,6241546;AL;PALMEIRA DOS ÍNDIOS
57602533;-9,4050217;-36,6237096;AL;PALMEIRA DOS ÍNDIOS
57602534;-9,4046021;-36,6238569;AL;PALMEIRA DOS ÍNDIOS
57602535;-9,406106;-36,6331433;AL;PALMEIRA DOS ÍNDIOS
57602536;-9,406106;-36,6331433;AL;PALMEIRA DOS ÍNDIOS
57602537;-9,4204178;-36,6200541;AL;PALMEIRA DOS ÍNDIOS
57602540;-9,4037786;-36,624379;AL;PALMEIRA DOS ÍNDIOS
57602550;-9,4019616;-36,6218137;AL;PALMEIRA DOS ÍNDIOS
57602640;-9,4007438;-36,6234581;AL;PALMEIRA DOS ÍNDIOS
57602645;-9,4063642;-36,6257459;AL;PALMEIRA DOS ÍNDIOS
57602650;-9,4026951;-36,6244122;AL;PALMEIRA DOS ÍNDIOS
57602670;-9,3976053;-36,6216576;AL;PALMEIRA DOS ÍNDIOS
57602680;-9,3987824;-36,6216625;AL;PALMEIRA DOS ÍNDIOS
57602685;-9,3991895;-36,622607;AL;PALMEIRA DOS ÍNDIOS
57602690;-9,3989541;-36,6218894;AL;PALMEIRA DOS ÍNDIOS
57602710;-9,3981902;-36,621643;AL;PALMEIRA DOS ÍNDIOS
57602730;-9,3977052;-36,6210807;AL;PALMEIRA DOS ÍNDIOS
57602740;-9,3978587;-36,6201148;AL;PALMEIRA DOS ÍNDIOS
57602750;-9,406106;-36,6331433;AL;PALMEIRA DOS ÍNDIOS
57603008;-9,4182385;-36,6297455;AL;PALMEIRA DOS ÍNDIOS
57603010;-9,4173983;-36,6283329;AL;PALMEIRA DOS ÍNDIOS
57603012;-9,406106;-36,6331433;AL;PALMEIRA DOS ÍNDIOS
57603014;-9,406106;-36,6331433;AL;PALMEIRA DOS ÍNDIOS
57603016;-9,406106;-36,6331433;AL;PALMEIRA DOS ÍNDIOS
57603020;-9,4185679;-36,6290863;AL;PALMEIRA DOS ÍNDIOS
57603030;-9,4185651;-36,6278067;AL;PALMEIRA DOS ÍNDIOS
57603040;-9,419151;-36,6275167;AL;PALMEIRA DOS ÍNDIOS
57603050;-9,4198646;-36,6274613;AL;PALMEIRA DOS ÍNDIOS
57603060;-9,420187;-36,6267196;AL;PALMEIRA DOS ÍNDIOS
57603065;-9,4197587;-36,6304689;AL;
57603070;-9,4188785;-36,6289368;AL;PALMEIRA DOS ÍNDIOS
57603075;-9,4218929;-36,6275164;AL;PALMEIRA DOS ÍNDIOS
57603080;-9,4210152;-36,630128;AL;PALMEIRA DOS ÍNDIOS
57603085;-9,4212983;-36,628452;AL;PALMEIRA DOS ÍNDIOS
57603090;-9,4204268;-36,6303205;AL;PALMEIRA DOS ÍNDIOS
57603100;-9,4197587;-36,6304689;AL;PALMEIRA DOS ÍNDIOS
57603110;-9,4197587;-36,6304689;AL;PALMEIRA DOS ÍNDIOS
57603112;-9,4195204;-36,6345672;AL;PALMEIRA DOS ÍNDIOS
57603120;-9,4189459;-36,6329876;AL;PALMEIRA DOS ÍNDIOS
57603122;-9,4170806;-36,6305268;AL;PALMEIRA DOS ÍNDIOS
57603123;-9,4215214;-36,6278951;AL;PALMEIRA DOS ÍNDIOS
57603124;-9,4164482;-36,6310253;AL;PALMEIRA DOS ÍNDIOS
57603126;-9,4164482;-36,6310253;AL;PALMEIRA DOS ÍNDIOS
57603128;-9,406106;-36,6331433;AL;PALMEIRA DOS ÍNDIOS
57603130;-9,4188274;-36,6313829;AL;PALMEIRA DOS ÍNDIOS
57603131;-9,4181255;-36,6306938;AL;PALMEIRA DOS ÍNDIOS
57603132;-9,4179719;-36,6318203;AL;PALMEIRA DOS ÍNDIOS
57603133;-9,4177411;-36,6305545;AL;PALMEIRA DOS ÍNDIOS
57603134;-9,406106;-36,6331433;AL;PALMEIRA DOS ÍNDIOS
57603135;-9,406106;-36,6331433;AL;PALMEIRA DOS ÍNDIOS
57603138;-9,4130502;-36,6308111;AL;PALMEIRA DOS ÍNDIOS
57603140;-9,4139915;-36,6297982;AL;PALMEIRA DOS ÍNDIOS
57603142;-9,406106;-36,6331433;AL;PALMEIRA DOS ÍNDIOS
57603145;-9,4165755;-36,6269209;AL;PALMEIRA DOS ÍNDIOS
57603150;-9,419053;-36,6260595;AL;PALMEIRA DOS ÍNDIOS
57603152;-9,406106;-36,6331433;AL;PALMEIRA DOS ÍNDIOS
57603160;-9,4262887;-36,6212818;AL;PALMEIRA DOS ÍNDIOS
57603170;-9,4289988;-36,6223318;AL;PALMEIRA DOS ÍNDIOS
57603180;-9,4275846;-36,6181651;AL;PALMEIRA DOS ÍNDIOS
57603190;-9,4197587;-36,6304689;AL;PALMEIRA DOS ÍNDIOS
57603200;-9,4278228;-36,6200354;AL;PALMEIRA DOS ÍNDIOS
57603210;-9,4278603;-36,6208658;AL;PALMEIRA DOS ÍNDIOS
57603220;-9,428276;-36,6213616;AL;PALMEIRA DOS ÍNDIOS
57603225;-9,4286493;-36,6218673;AL;PALMEIRA DOS ÍNDIOS
57603230;-9,4234233;-36,6450281;AL;PALMEIRA DOS ÍNDIOS
57603270;-9,4210665;-36,6264949;AL;PALMEIRA DOS ÍNDIOS
57603280;-9,4215769;-36,6271611;AL;PALMEIRA DOS ÍNDIOS
57603282;-9,4220253;-36,6260703;AL;PALMEIRA DOS ÍNDIOS
57603290;-9,4221329;-36,6305124;AL;PALMEIRA DOS ÍNDIOS
57603292;-9,4227004;-36,6305073;AL;PALMEIRA DOS ÍNDIOS
57603294;-9,4238014;-36,6313665;AL;PALMEIRA DOS ÍNDIOS
57603296;-9,4232164;-36,6312429;AL;PALMEIRA DOS ÍNDIOS
57603298;-9,4238014;-36,6313665;AL;PALMEIRA DOS ÍNDIOS
57604024;-9,4043183;-36,632386;AL;PALMEIRA DOS ÍNDIOS
57604026;-9,4151606;-36,6261655;AL;PALMEIRA DOS ÍNDIOS
57604028;-9,4120373;-36,6322917;AL;PALMEIRA DOS ÍNDIOS
57604032;-9,4120373;-36,6322917;AL;PALMEIRA DOS ÍNDIOS
57604034;-9,4248701;-36,6278644;AL;PALMEIRA DOS ÍNDIOS
57604036;-9,4076377;-36,6309561;AL;PALMEIRA DOS ÍNDIOS
57604040;-9,4252374;-36,6267868;AL;PALMEIRA DOS ÍNDIOS
57604042;-9,4207898;-36,631661;AL;PALMEIRA DOS ÍNDIOS
57604044;-9,4061693;-36,6249568;AL;PALMEIRA DOS ÍNDIOS
57604046;-9,4151444;-36,6236203;AL;PALMEIRA DOS ÍNDIOS
57604048;-9,4120373;-36,6322917;AL;PALMEIRA DOS ÍNDIOS
57604050;-9,4120373;-36,6322917;AL;PALMEIRA DOS ÍNDIOS
57604052;-9,4163834;-36,6391089;AL;PALMEIRA DOS ÍNDIOS
57604054;-9,422344;-36,6415146;AL;PALMEIRA DOS ÍNDIOS
57604056;-9,4098879;-36,6451006;AL;PALMEIRA DOS ÍNDIOS
57604058;-9,4120373;-36,6322917;AL;PALMEIRA DOS ÍNDIOS
57604060;-9,4120373;-36,6322917;AL;PALMEIRA DOS ÍNDIOS
57604062;-9,4158469;-36,6231047;AL;PALMEIRA DOS ÍNDIOS
57604064;-9,4197459;-36,6284756;AL;PALMEIRA DOS ÍNDIOS
57604066;-9,4120373;-36,6322917;AL;PALMEIRA DOS ÍNDIOS
57604068;-9,4120373;-36,6322917;AL;PALMEIRA DOS ÍNDIOS
57604070;-9,4120373;-36,6322917;AL;PALMEIRA DOS ÍNDIOS
57604072;-9,4193203;-36,6452745;AL;PALMEIRA DOS ÍNDIOS
57604074;-9,421531;-36,6390081;AL;PALMEIRA DOS ÍNDIOS
57604076;-9,4191218;-36,6324908;AL;PALMEIRA DOS ÍNDIOS
57604078;-9,4098422;-36,621072;AL;PALMEIRA DOS ÍNDIOS
57604080;-9,4163834;-36,6391089;AL;PALMEIRA DOS ÍNDIOS
57604082;-9,4277672;-36,6263677;AL;PALMEIRA DOS ÍNDIOS
57604084;-9,4140757;-36,6188473;AL;PALMEIRA DOS ÍNDIOS
57604086;-9,4140757;-36,6188473;AL;PALMEIRA DOS ÍNDIOS
57604088;-9,4082314;-36,629553;AL;PALMEIRA DOS ÍNDIOS
57604090;-9,4120373;-36,6322917;AL;PALMEIRA DOS ÍNDIOS
57604092;-9,4120373;-36,6322917;AL;PALMEIRA DOS ÍNDIOS
57604094;-9,4120373;-36,6322917;AL;PALMEIRA DOS ÍNDIOS
57604095;-9,4098938;-36,6459791;AL;PALMEIRA DOS ÍNDIOS
57604096;-9,4286496;-36,6246075;AL;PALMEIRA DOS ÍNDIOS
57604097;-9,4082693;-36,6257134;AL;PALMEIRA DOS ÍNDIOS
57604098;-9,4120373;-36,6322917;AL;PALMEIRA DOS ÍNDIOS
57604100;-9,4267306;-36,6218276;AL;PALMEIRA DOS ÍNDIOS
57604104;-9,4197587;-36,6304689;AL;PALMEIRA DOS ÍNDIOS
57604105;-9,4289988;-36,6223318;AL;PALMEIRA DOS ÍNDIOS
57604106;-9,4120373;-36,6322917;AL;PALMEIRA DOS ÍNDIOS
57604108;-9,4110905;-36,6260199;AL;
57604110;-9,4280021;-36,6198978;AL;PALMEIRA DOS ÍNDIOS
57604112;-9,4110905;-36,6260199;AL;
57604115;-9,4284261;-36,6204009;AL;PALMEIRA DOS ÍNDIOS
57604116;-9,4259733;-36,6293664;AL;PALMEIRA DOS ÍNDIOS
57604118;-9,4101037;-36,6459063;AL;PALMEIRA DOS ÍNDIOS
57604120;-9,428276;-36,6213616;AL;PALMEIRA DOS ÍNDIOS
57604125;-9,4286117;-36,6194301;AL;PALMEIRA DOS ÍNDIOS
57604127;-9,406106;-36,6331433;AL;
57604130;-9,4286493;-36,6218673;AL;PALMEIRA DOS ÍNDIOS
57604132;-9,406106;-36,6331433;AL;
57604134;-9,4259733;-36,6293664;AL;
57604250;-9,4107274;-36,6240118;AL;PALMEIRA DOS ÍNDIOS
57604252;-9,4181255;-36,6306938;AL;PALMEIRA DOS ÍNDIOS
57604254;-9,406106;-36,6331433;AL;
57604256;-9,4161581;-36,6383482;AL;PALMEIRA DOS ÍNDIOS
57604258;-9,4186131;-36,6436969;AL;PALMEIRA DOS ÍNDIOS
57604260;-9,4120373;-36,6322917;AL;PALMEIRA DOS ÍNDIOS
57604262;-9,4120373;-36,6322917;AL;PALMEIRA DOS ÍNDIOS
57604264;-9,4091585;-36,6303492;AL;PALMEIRA DOS ÍNDIOS
57604266;-9,404602;-36,6238571;AL;PALMEIRA DOS ÍNDIOS
57604268;-9,4098422;-36,621072;AL;PALMEIRA DOS ÍNDIOS
57604272;-9,4035423;-36,6226574;AL;PALMEIRA DOS ÍNDIOS
57604274;-9,4130502;-36,6308111;AL;
57604510;-9,406106;-36,6331433;AL;PALMEIRA DOS ÍNDIOS
57604514;-9,406106;-36,6331433;AL;PALMEIRA DOS ÍNDIOS
57604518;-9,406106;-36,6331433;AL;PALMEIRA DOS ÍNDIOS
57604522;-9,406106;-36,6331433;AL;PALMEIRA DOS ÍNDIOS
57604526;-9,406106;-36,6331433;AL;PALMEIRA DOS ÍNDIOS
57604530;-9,406106;-36,6331433;AL;PALMEIRA DOS ÍNDIOS
57604575;-9,406106;-36,6331433;AL;
57604577;-9,406106;-36,6331433;AL;
57604579;-9,406106;-36,6331433;AL;
57604581;-9,4114873;-36,6514904;AL;
57604583;-9,4080568;-36,6299264;AL;
57604585;-9,406106;-36,6331433;AL;
57604587;-9,406106;-36,6331433;AL;
57604589;-9,4110905;-36,6260199;AL;
57604591;-9,4110905;-36,6260199;AL;
57604593;-9,406106;-36,6331433;AL;
57604599;-9,4120373;-36,6322917;AL;
57604603;-9,410448;-36,627253;AL;
57604605;-9,409073;-36,6286764;AL;
57604607;-9,4103796;-36,6271674;AL;
57604609;-9,4090838;-36,6286643;AL;
57604611;-9,4081071;-36,6299226;AL;
57604613;-9,4104484;-36,6272525;AL;
57604615;-9,4081071;-36,6299226;AL;
57604617;-9,4090264;-36,6285588;AL;
57604619;-9,4087755;-36,6286252;AL;
57604621;-9,4090946;-36,6286522;AL;
57604623;-9,4090166;-36,6285725;AL;
57604625;-9,4091054;-36,6286401;AL;
57604627;-9,4081071;-36,6299226;AL;
57604629;-9,4081071;-36,6299226;AL;
57604631;-9,4081071;-36,6299226;AL;
57604633;-9,4081071;-36,6299226;AL;
57604635;-9,4081071;-36,6299226;AL;
57604637;-9,4083163;-36,6317708;AL;
57604639;-9,4081071;-36,6299226;AL;
57604641;-9,4081071;-36,6299226;AL;
57604643;-9,4081071;-36,6299226;AL;
57604645;-9,4081071;-36,6299226;AL;
57604647;-9,4081071;-36,6299226;AL;
57604649;-9,4090984;-36,6284633;AL;
57604650;-9,4278721;-36,6300321;AL;PALMEIRA DOS ÍNDIOS
57604651;-9,4081071;-36,6299226;AL;
57604652;-9,406106;-36,6331433;AL;PALMEIRA DOS ÍNDIOS
57604654;-9,4278721;-36,6300321;AL;PALMEIRA DOS ÍNDIOS
57604656;-9,406106;-36,6331433;AL;PALMEIRA DOS ÍNDIOS
57604658;-9,4265442;-36,6293129;AL;PALMEIRA DOS ÍNDIOS
57604660;-9,406106;-36,6331433;AL;PALMEIRA DOS ÍNDIOS
57604662;-9,406106;-36,6331433;AL;PALMEIRA DOS ÍNDIOS
57604664;-9,406106;-36,6331433;AL;PALMEIRA DOS ÍNDIOS
57604668;-9,406106;-36,6331433;AL;PALMEIRA DOS ÍNDIOS
57604670;-9,4290037;-36,6299779;AL;PALMEIRA DOS ÍNDIOS
57604672;-9,4293244;-36,6296791;AL;PALMEIRA DOS ÍNDIOS
57604674;-9,4296738;-36,6293553;AL;PALMEIRA DOS ÍNDIOS
57604676;-9,4300731;-36,6291037;AL;PALMEIRA DOS ÍNDIOS
57604678;-9,406106;-36,6331433;AL;PALMEIRA DOS ÍNDIOS
57604680;-9,406106;-36,6331433;AL;PALMEIRA DOS ÍNDIOS
57604682;-9,406106;-36,6331433;AL;PALMEIRA DOS ÍNDIOS
57604684;-9,406106;-36,6331433;AL;PALMEIRA DOS ÍNDIOS
57604686;-9,406106;-36,6331433;AL;PALMEIRA DOS ÍNDIOS
57604688;-9,406106;-36,6331433;AL;PALMEIRA DOS ÍNDIOS
57604690;-9,406106;-36,6331433;AL;PALMEIRA DOS ÍNDIOS
57604692;-9,406106;-36,6331433;AL;PALMEIRA DOS ÍNDIOS
57604694;-9,406106;-36,6331433;AL;PALMEIRA DOS ÍNDIOS
57604696;-9,406106;-36,6331433;AL;PALMEIRA DOS ÍNDIOS
57604698;-9,406106;-36,6331433;AL;PALMEIRA DOS ÍNDIOS
57604700;-9,406106;-36,6331433;AL;PALMEIRA DOS ÍNDIOS
57604702;-9,406106;-36,6331433;AL;
57604704;-9,406106;-36,6331433;AL;
57604706;-9,4107486;-36,6267358;AL;
57604708;-9,4080787;-36,6299182;AL;
57604710;-9,4080787;-36,6299182;AL;
57604800;-9,406106;-36,6331433;AL;PALMEIRA DOS ÍNDIOS
57604802;-9,406106;-36,6331433;AL;PALMEIRA DOS ÍNDIOS
57604804;-9,4276193;-36,6297674;AL;PALMEIRA DOS ÍNDIOS
57604806;-9,406106;-36,6331433;AL;PALMEIRA DOS ÍNDIOS
57604808;-9,4279524;-36,6293547;AL;PALMEIRA DOS ÍNDIOS
57604810;-9,4259733;-36,6293664;AL;PALMEIRA DOS ÍNDIOS
57604812;-9,406106;-36,6331433;AL;PALMEIRA DOS ÍNDIOS
57604816;-9,406106;-36,6331433;AL;PALMEIRA DOS ÍNDIOS
57604818;-9,406106;-36,6331433;AL;PALMEIRA DOS ÍNDIOS
57604819;-9,4286287;-36,6288167;AL;PALMEIRA DOS ÍNDIOS
57605002;-9,4143359;-36,6229367;AL;PALMEIRA DOS ÍNDIOS
57605004;-9,4159227;-36,6242105;AL;PALMEIRA DOS ÍNDIOS
57605006;-9,4154888;-36,6209674;AL;PALMEIRA DOS ÍNDIOS
57605008;-9,4160056;-36,622268;AL;
57605010;-9,4135456;-36,6204353;AL;PALMEIRA DOS ÍNDIOS
57605013;-9,4066508;-36,6254082;AL;PALMEIRA DOS ÍNDIOS
57605015;-9,4140757;-36,6188473;AL;PALMEIRA DOS ÍNDIOS
57605020;-9,4147538;-36,6190289;AL;PALMEIRA DOS ÍNDIOS
57605021;-9,4156515;-36,6181939;AL;PALMEIRA DOS ÍNDIOS
57605025;-9,406106;-36,6331433;AL;PALMEIRA DOS ÍNDIOS
57605030;-9,4157405;-36,6191166;AL;PALMEIRA DOS ÍNDIOS
57605035;-9,4162548;-36,619537;AL;PALMEIRA DOS ÍNDIOS
57605040;-9,4170002;-36,6191269;AL;PALMEIRA DOS ÍNDIOS
57605045;-9,4165767;-36,6193596;AL;PALMEIRA DOS ÍNDIOS
57605047;-9,4199375;-36,6232339;AL;PALMEIRA DOS ÍNDIOS
57605060;-9,4107531;-36,613457;AL;PALMEIRA DOS ÍNDIOS
57605070;-9,4089277;-36,6128683;AL;PALMEIRA DOS ÍNDIOS
57605075;-9,4204178;-36,6200541;AL;PALMEIRA DOS ÍNDIOS
57605080;-9,4097244;-36,6135919;AL;PALMEIRA DOS ÍNDIOS
57605090;-9,406106;-36,6331433;AL;PALMEIRA DOS ÍNDIOS
57605100;-9,4102116;-36,6140543;AL;PALMEIRA DOS ÍNDIOS
57605105;-9,406106;-36,6331433;AL;PALMEIRA DOS ÍNDIOS
57605110;-9,406106;-36,6331433;AL;PALMEIRA DOS ÍNDIOS
57605120;-9,4104951;-36,6154634;AL;PALMEIRA DOS ÍNDIOS
57605125;-9,406106;-36,6331433;AL;PALMEIRA DOS ÍNDIOS
57605130;-9,4093999;-36,6147215;AL;PALMEIRA DOS ÍNDIOS
57606002;-9,4208858;-36,6370871;AL;PALMEIRA DOS ÍNDIOS
57606003;-9,4215652;-36,6378216;AL;PALMEIRA DOS ÍNDIOS
57606005;-9,4204082;-36,6400581;AL;PALMEIRA DOS ÍNDIOS
57606006;-9,4210709;-36,6409872;AL;PALMEIRA DOS ÍNDIOS
57606007;-9,4278228;-36,6200354;AL;PALMEIRA DOS ÍNDIOS
57606008;-9,4217499;-36,64054;AL;PALMEIRA DOS ÍNDIOS
57606009;-9,4217635;-36,6400336;AL;PALMEIRA DOS ÍNDIOS
57606010;-9,4219328;-36,6383959;AL;PALMEIRA DOS ÍNDIOS
57606011;-9,4105532;-36,6514865;AL;PALMEIRA DOS ÍNDIOS
57606012;-9,409977;-36,6330899;AL;PALMEIRA DOS ÍNDIOS
57606013;-9,4259733;-36,6293664;AL;PALMEIRA DOS ÍNDIOS
57606016;-9,4231249;-36,638607;AL;PALMEIRA DOS ÍNDIOS
57606020;-9,4229302;-36,6387944;AL;PALMEIRA DOS ÍNDIOS
57606025;-9,4217499;-36,64054;AL;PALMEIRA DOS ÍNDIOS
57606030;-9,4258014;-36,6405483;AL;PALMEIRA DOS ÍNDIOS
57606040;-9,4258014;-36,6405483;AL;PALMEIRA DOS ÍNDIOS
57606045;-9,4286808;-36,6375053;AL;PALMEIRA DOS ÍNDIOS
57606050;-9,4244265;-36,6386118;AL;PALMEIRA DOS ÍNDIOS
57606055;-9,4139079;-36,637517;AL;PALMEIRA DOS ÍNDIOS
57606056;-9,4242115;-36,6399045;AL;PALMEIRA DOS ÍNDIOS
57606057;-9,4259681;-36,6367849;AL;PALMEIRA DOS ÍNDIOS
57606060;-9,4246621;-36,6402753;AL;PALMEIRA DOS ÍNDIOS
57606065;-9,4250405;-36,6406419;AL;PALMEIRA DOS ÍNDIOS
57606067;-9,424957;-36,6416818;AL;PALMEIRA DOS ÍNDIOS
57606070;-9,424957;-36,6416818;AL;PALMEIRA DOS ÍNDIOS
57606073;-9,4242115;-36,6399045;AL;
57606080;-9,4074456;-36,6506824;AL;PALMEIRA DOS ÍNDIOS
57606085;-9,4196063;-36,6359322;AL;PALMEIRA DOS ÍNDIOS
57606090;-9,4246847;-36,639226;AL;PALMEIRA DOS ÍNDIOS
57606092;-9,4253931;-36,6384957;AL;PALMEIRA DOS ÍNDIOS
57606095;-9,4222604;-36,6390814;AL;PALMEIRA DOS ÍNDIOS
57606100;-9,423245;-36,6415828;AL;PALMEIRA DOS ÍNDIOS
57606102;-9,4227375;-36,6422355;AL;PALMEIRA DOS ÍNDIOS
57606104;-9,4228385;-36,6413102;AL;PALMEIRA DOS ÍNDIOS
57606106;-9,4120373;-36,6322917;AL;PALMEIRA DOS ÍNDIOS
57606110;-9,4230418;-36,6414465;AL;PALMEIRA DOS ÍNDIOS
57606272;-9,4242115;-36,6399045;AL;
57606274;-9,4242115;-36,6399045;AL;
57606276;-9,4242115;-36,6399045;AL;
57606278;-9,4096465;-36,6357228;AL;PALMEIRA DOS ÍNDIOS
57606280;-9,4195936;-36,6381836;AL;PALMEIRA DOS ÍNDIOS
57606282;-9,4114873;-36,6514904;AL;PALMEIRA DOS ÍNDIOS
57606284;-9,418354;-36,6308072;AL;PALMEIRA DOS ÍNDIOS
57606286;-9,4120373;-36,6322917;AL;PALMEIRA DOS ÍNDIOS
57606288;-9,4120373;-36,6322917;AL;PALMEIRA DOS ÍNDIOS
57606290;-9,4088959;-36,6244699;AL;PALMEIRA DOS ÍNDIOS
57606292;-9,404602;-36,6238571;AL;PALMEIRA DOS ÍNDIOS
57606294;-9,4120373;-36,6322917;AL;PALMEIRA DOS ÍNDIOS
57606296;-9,4000335;-36,6250477;AL;PALMEIRA DOS ÍNDIOS
57606298;-9,4120373;-36,6322917;AL;PALMEIRA DOS ÍNDIOS
57606300;-9,4120373;-36,6322917;AL;PALMEIRA DOS ÍNDIOS
57606302;-9,4034264;-36,6609826;AL;PALMEIRA DOS ÍNDIOS
57606304;-9,4082693;-36,6257134;AL;PALMEIRA DOS ÍNDIOS
57606306;-9,4120373;-36,6322917;AL;PALMEIRA DOS ÍNDIOS
57606309;-9,4120373;-36,6322917;AL;PALMEIRA DOS ÍNDIOS
57607010;-9,4121229;-36,6449395;AL;PALMEIRA DOS ÍNDIOS
57607020;-9,410866;-36,6453006;AL;PALMEIRA DOS ÍNDIOS
57607030;-9,4157506;-36,6362511;AL;PALMEIRA DOS ÍNDIOS
57607040;-9,4155916;-36,6365977;AL;PALMEIRA DOS ÍNDIOS
57607050;-9,4154291;-36,6369515;AL;PALMEIRA DOS ÍNDIOS
57607055;-9,4146636;-36,6370151;AL;PALMEIRA DOS ÍNDIOS
57607060;-9,415132;-36,6376142;AL;PALMEIRA DOS ÍNDIOS
57607070;-9,4149654;-36,6378935;AL;PALMEIRA DOS ÍNDIOS
57607080;-9,4148285;-36,6381902;AL;PALMEIRA DOS ÍNDIOS
57607090;-9,4146835;-36,6384852;AL;PALMEIRA DOS ÍNDIOS
57607100;-9,4145488;-36,6387863;AL;PALMEIRA DOS ÍNDIOS
57607110;-9,4153163;-36,6395499;AL;PALMEIRA DOS ÍNDIOS
57607120;-9,4150653;-36,6401676;AL;PALMEIRA DOS ÍNDIOS
57607130;-9,4140047;-36,6400511;AL;PALMEIRA DOS ÍNDIOS
57607140;-9,4138625;-36,640352;AL;PALMEIRA DOS ÍNDIOS
57607150;-9,4140626;-36,6407262;AL;PALMEIRA DOS ÍNDIOS
57607160;-9,413596;-36,64095;AL;PALMEIRA DOS ÍNDIOS
57607170;-9,4134631;-36,6412412;AL;PALMEIRA DOS ÍNDIOS
57607180;-9,413319;-36,6415569;AL;PALMEIRA DOS ÍNDIOS
57607190;-9,4136757;-36,6421219;AL;PALMEIRA DOS ÍNDIOS
57607200;-9,4137798;-36,6448426;AL;PALMEIRA DOS ÍNDIOS
57607201;-9,4132422;-36,6439059;AL;PALMEIRA DOS ÍNDIOS
57607202;-9,4137073;-36,6440296;AL;PALMEIRA DOS ÍNDIOS
57607203;-9,4143181;-36,6441837;AL;PALMEIRA DOS ÍNDIOS
57607205;-9,406106;-36,6331433;AL;PALMEIRA DOS ÍNDIOS
57607206;-9,4142049;-36,64383;AL;PALMEIRA DOS ÍNDIOS
57607207;-9,4141167;-36,6433284;AL;PALMEIRA DOS ÍNDIOS
57607210;-9,4140423;-36,645411;AL;PALMEIRA DOS ÍNDIOS
57607220;-9,4132542;-36,6454677;AL;PALMEIRA DOS ÍNDIOS
57607230;-9,4165141;-36,6371667;AL;PALMEIRA DOS ÍNDIOS
57607240;-9,406106;-36,6331433;AL;PALMEIRA DOS ÍNDIOS
57607243;-9,4135915;-36,6347797;AL;PALMEIRA DOS ÍNDIOS
57607250;-9,4161581;-36,6383482;AL;PALMEIRA DOS ÍNDIOS
57607255;-9,4176108;-36,63838;AL;PALMEIRA DOS ÍNDIOS
57607260;-9,4163575;-36,639092;AL;PALMEIRA DOS ÍNDIOS
57607265;-9,4163834;-36,6391089;AL;PALMEIRA DOS ÍNDIOS
57607280;-9,4165741;-36,6408934;AL;PALMEIRA DOS ÍNDIOS
57607290;-9,4128853;-36,6448525;AL;PALMEIRA DOS ÍNDIOS
57607300;-9,418029;-36,6419702;AL;PALMEIRA DOS ÍNDIOS
57607302;-9,4133098;-36,6454929;AL;PALMEIRA DOS ÍNDIOS
57607305;-9,4177213;-36,6416097;AL;PALMEIRA DOS ÍNDIOS
57607310;-9,4140423;-36,645411;AL;PALMEIRA DOS ÍNDIOS
57607320;-9,419065;-36,6404364;AL;PALMEIRA DOS ÍNDIOS
57607330;-9,4198335;-36,6417764;AL;PALMEIRA DOS ÍNDIOS
57607340;-9,4205457;-36,6429832;AL;PALMEIRA DOS ÍNDIOS
57607350;-9,4196891;-36,6425075;AL;PALMEIRA DOS ÍNDIOS
57607360;-9,406106;-36,6331433;AL;PALMEIRA DOS ÍNDIOS
57607370;-9,4193175;-36,6446243;AL;PALMEIRA DOS ÍNDIOS
57607371;-9,4189962;-36,6450767;AL;PALMEIRA DOS ÍNDIOS
57607372;-9,4186847;-36,6448927;AL;PALMEIRA DOS ÍNDIOS
57607373;-9,4217635;-36,6400336;AL;PALMEIRA DOS ÍNDIOS
57607374;-9,4193203;-36,6452745;AL;PALMEIRA DOS ÍNDIOS
57607375;-9,4191583;-36,6451756;AL;PALMEIRA DOS ÍNDIOS
57607376;-9,4199684;-36,6456496;AL;PALMEIRA DOS ÍNDIOS
57607378;-9,4189962;-36,6450767;AL;PALMEIRA DOS ÍNDIOS
57607380;-9,4186131;-36,6436969;AL;PALMEIRA DOS ÍNDIOS
57607385;-9,4186131;-36,6436969;AL;PALMEIRA DOS ÍNDIOS
57607390;-9,4186131;-36,6436969;AL;PALMEIRA DOS ÍNDIOS
57607400;-9,42005;-36,6449899;AL;PALMEIRA DOS ÍNDIOS
57607405;-9,42005;-36,6449899;AL;PALMEIRA DOS ÍNDIOS
57607410;-9,406106;-36,6331433;AL;PALMEIRA DOS ÍNDIOS
57607415;-9,406106;-36,6331433;AL;PALMEIRA DOS ÍNDIOS
57607420;-9,406106;-36,6331433;AL;PALMEIRA DOS ÍNDIOS
57607430;-9,4196499;-36,6381793;AL;PALMEIRA DOS ÍNDIOS
57607440;-9,406106;-36,6331433;AL;PALMEIRA DOS ÍNDIOS
57607450;-9,4198335;-36,6417764;AL;PALMEIRA DOS ÍNDIOS
57607460;-9,418088;-36,6401185;AL;PALMEIRA DOS ÍNDIOS
57607465;-9,4186745;-36,6399907;AL;PALMEIRA DOS ÍNDIOS
57607470;-9,417498;-36,6402267;AL;PALMEIRA DOS ÍNDIOS
57607475;-9,4182021;-36,6397792;AL;PALMEIRA DOS ÍNDIOS
57607477;-9,4174529;-36,6403168;AL;PALMEIRA DOS ÍNDIOS
57607480;-9,4170694;-36,6400121;AL;PALMEIRA DOS ÍNDIOS
57607485;-9,4165741;-36,6408934;AL;PALMEIRA DOS ÍNDIOS
57607490;-9,4293244;-36,6296791;AL;PALMEIRA DOS ÍNDIOS
57607495;-9,4234178;-36,6459992;AL;PALMEIRA DOS ÍNDIOS
57607500;-9,4165648;-36,6378947;AL;PALMEIRA DOS ÍNDIOS
57607510;-9,4180675;-36,6364287;AL;PALMEIRA DOS ÍNDIOS
57607515;-9,4180675;-36,6364287;AL;PALMEIRA DOS ÍNDIOS
57607520;-9,4178415;-36,6367063;AL;PALMEIRA DOS ÍNDIOS
57607525;-9,4227933;-36,6437729;AL;PALMEIRA DOS ÍNDIOS
57607530;-9,41958;-36,6377907;AL;PALMEIRA DOS ÍNDIOS
57607535;-9,4194332;-36,6388945;AL;PALMEIRA DOS ÍNDIOS
57607540;-9,4196337;-36,6372752;AL;PALMEIRA DOS ÍNDIOS
57607545;-9,4064291;-36,6495375;AL;PALMEIRA DOS ÍNDIOS
57607550;-9,4217545;-36,6378866;AL;PALMEIRA DOS ÍNDIOS
57607555;-9,4207802;-36,637727;AL;PALMEIRA DOS ÍNDIOS
57607556;-9,4200474;-36,6398671;AL;PALMEIRA DOS ÍNDIOS
57607558;-9,4198423;-36,6400295;AL;PALMEIRA DOS ÍNDIOS
57607560;-9,4224061;-36,6376409;AL;PALMEIRA DOS ÍNDIOS
57607562;-9,4189352;-36,6369157;AL;PALMEIRA DOS ÍNDIOS
57607564;-9,4200975;-36,6422297;AL;PALMEIRA DOS ÍNDIOS
57607565;-9,406106;-36,6331433;AL;PALMEIRA DOS ÍNDIOS
57607570;-9,4187358;-36,6357317;AL;PALMEIRA DOS ÍNDIOS
57607580;-9,4215456;-36,6358683;AL;PALMEIRA DOS ÍNDIOS
57607590;-9,4251238;-36,6381159;AL;PALMEIRA DOS ÍNDIOS
57607604;-9,4209178;-36,6403227;AL;PALMEIRA DOS ÍNDIOS
57607605;-9,4217499;-36,64054;AL;PALMEIRA DOS ÍNDIOS
57607610;-9,4262181;-36,6390066;AL;PALMEIRA DOS ÍNDIOS
57607615;-9,424957;-36,6416818;AL;PALMEIRA DOS ÍNDIOS
57607620;-9,4219869;-36,6432314;AL;PALMEIRA DOS ÍNDIOS
57607630;-9,4220132;-36,6443702;AL;PALMEIRA DOS ÍNDIOS
57607640;-9,4218417;-36,6434761;AL;PALMEIRA DOS ÍNDIOS
57607645;-9,421602;-36,6438618;AL;PALMEIRA DOS ÍNDIOS
57607650;-9,4202857;-36,6458209;AL;PALMEIRA DOS ÍNDIOS
57607652;-9,4202857;-36,6458209;AL;PALMEIRA DOS ÍNDIOS
57607654;-9,4202857;-36,6458209;AL;PALMEIRA DOS ÍNDIOS
57607655;-9,42465;-36,6472726;AL;PALMEIRA DOS ÍNDIOS
57607656;-9,4202857;-36,6458209;AL;PALMEIRA DOS ÍNDIOS
57607658;-9,4120373;-36,6322917;AL;PALMEIRA DOS ÍNDIOS
57607659;-9,4120373;-36,6322917;AL;PALMEIRA DOS ÍNDIOS
57607660;-9,424399;-36,648411;AL;PALMEIRA DOS ÍNDIOS
57607665;-9,4276912;-36,6356501;AL;PALMEIRA DOS ÍNDIOS
57607670;-9,406106;-36,6331433;AL;PALMEIRA DOS ÍNDIOS
57607675;-9,42465;-36,6472726;AL;PALMEIRA DOS ÍNDIOS
57607680;-9,4259501;-36,6471392;AL;PALMEIRA DOS ÍNDIOS
57607683;-9,4120373;-36,6322917;AL;PALMEIRA DOS ÍNDIOS
57607685;-9,4120373;-36,6322917;AL;PALMEIRA DOS ÍNDIOS
57607687;-9,4120373;-36,6322917;AL;PALMEIRA DOS ÍNDIOS
57607690;-9,419475;-36,6401373;AL;
57607700;-9,4120373;-36,6322917;AL;PALMEIRA DOS ÍNDIOS
57607710;-9,4104056;-36,6374456;AL;PALMEIRA DOS ÍNDIOS
57607720;-9,4204082;-36,6400581;AL;PALMEIRA DOS ÍNDIOS
57607725;-9,4204082;-36,6400581;AL;PALMEIRA DOS ÍNDIOS
57607740;-9,4205196;-36,6359993;AL;PALMEIRA DOS ÍNDIOS
57608040;-9,4098938;-36,6459791;AL;PALMEIRA DOS ÍNDIOS
57608045;-9,4105919;-36,6452584;AL;PALMEIRA DOS ÍNDIOS
57608050;-9,4102263;-36,6510015;AL;PALMEIRA DOS ÍNDIOS
57608060;-9,4064689;-36,6503132;AL;PALMEIRA DOS ÍNDIOS
57608070;-9,4017305;-36,6591576;AL;PALMEIRA DOS ÍNDIOS
57608080;-9,4064291;-36,6495375;AL;PALMEIRA DOS ÍNDIOS
57608090;-9,4067209;-36,6500443;AL;PALMEIRA DOS ÍNDIOS
57608110;-9,4071509;-36,6501777;AL;PALMEIRA DOS ÍNDIOS
57608115;-9,4071624;-36,6501638;AL;PALMEIRA DOS ÍNDIOS
57608120;-9,4075625;-36,6503394;AL;PALMEIRA DOS ÍNDIOS
57608125;-9,4000672;-36,6599038;AL;
57608127;-9,406272;-36,6298746;AL;
57608130;-9,4101553;-36,6424028;AL;
57608150;-9,4079668;-36,6505711;AL;PALMEIRA DOS ÍNDIOS
57608170;-9,4083892;-36,6507208;AL;PALMEIRA DOS ÍNDIOS
57608180;-9,4158775;-36,6352013;AL;PALMEIRA DOS ÍNDIOS
57608185;-9,4088959;-36,6244699;AL;PALMEIRA DOS ÍNDIOS
57608190;-9,4096535;-36,6513986;AL;PALMEIRA DOS ÍNDIOS
57608200;-9,4101772;-36,639251;AL;PALMEIRA DOS ÍNDIOS
57608210;-9,4101503;-36,6512576;AL;PALMEIRA DOS ÍNDIOS
57608220;-9,4106723;-36,6518668;AL;PALMEIRA DOS ÍNDIOS
57608230;-9,4107862;-36,6518987;AL;PALMEIRA DOS ÍNDIOS
57608240;-9,4110323;-36,6515332;AL;PALMEIRA DOS ÍNDIOS
57608250;-9,4114873;-36,6514904;AL;PALMEIRA DOS ÍNDIOS
57608260;-9,4113934;-36,6519585;AL;PALMEIRA DOS ÍNDIOS
57608270;-9,4118849;-36,652005;AL;PALMEIRA DOS ÍNDIOS
57608280;-9,41314;-36,6524305;AL;PALMEIRA DOS ÍNDIOS
57608290;-9,4129284;-36,6521435;AL;PALMEIRA DOS ÍNDIOS
57608300;-9,4138408;-36,6539794;AL;PALMEIRA DOS ÍNDIOS
57608310;-9,414608;-36,6528175;AL;PALMEIRA DOS ÍNDIOS
57608320;-9,4101553;-36,6424028;AL;PALMEIRA DOS ÍNDIOS
57608330;-9,406106;-36,6331433;AL;PALMEIRA DOS ÍNDIOS
57608340;-9,4146162;-36,6548399;AL;PALMEIRA DOS ÍNDIOS
57608350;-9,4144788;-36,6532383;AL;PALMEIRA DOS ÍNDIOS
57608360;-9,4148444;-36,6537924;AL;PALMEIRA DOS ÍNDIOS
57608370;-9,4147553;-36,6542867;AL;PALMEIRA DOS ÍNDIOS
57608372;-9,406106;-36,6331433;AL;PALMEIRA DOS ÍNDIOS
57608374;-9,406106;-36,6331433;AL;PALMEIRA DOS ÍNDIOS
57608375;-9,4168421;-36,6566807;AL;PALMEIRA DOS ÍNDIOS
57608376;-9,406106;-36,6331433;AL;PALMEIRA DOS ÍNDIOS
57608378;-9,406106;-36,6331433;AL;PALMEIRA DOS ÍNDIOS
57608380;-9,4077972;-36,6463623;AL;PALMEIRA DOS ÍNDIOS
57608382;-9,406106;-36,6331433;AL;PALMEIRA DOS ÍNDIOS
57608383;-9,4035423;-36,6226574;AL;PALMEIRA DOS ÍNDIOS
57608385;-9,406106;-36,6331433;AL;PALMEIRA DOS ÍNDIOS
57608387;-9,4104951;-36,6154634;AL;PALMEIRA DOS ÍNDIOS
57608388;-9,406106;-36,6331433;AL;PALMEIRA DOS ÍNDIOS
57608390;-9,4070864;-36,6559165;AL;PALMEIRA DOS ÍNDIOS
57608400;-9,4006032;-36,660956;AL;PALMEIRA DOS ÍNDIOS
57608405;-9,4069842;-36,6466537;AL;PALMEIRA DOS ÍNDIOS
57608410;-9,406106;-36,6331433;AL;PALMEIRA DOS ÍNDIOS
57608415;-9,406106;-36,6331433;AL;PALMEIRA DOS ÍNDIOS
57608420;-9,406106;-36,6331433;AL;PALMEIRA DOS ÍNDIOS
57608430;-9,4037521;-36,6574417;AL;PALMEIRA DOS ÍNDIOS
57608440;-9,4042831;-36,6583033;AL;PALMEIRA DOS ÍNDIOS
57608450;-9,4036628;-36,6583324;AL;PALMEIRA DOS ÍNDIOS
57608460;-9,4022514;-36,6583797;AL;PALMEIRA DOS ÍNDIOS
57608470;-9,4021539;-36,6598515;AL;PALMEIRA DOS ÍNDIOS
57608473;-9,4227876;-36,6407505;AL;PALMEIRA DOS ÍNDIOS
57608475;-9,4019616;-36,6218137;AL;PALMEIRA DOS ÍNDIOS
57608477;-9,406106;-36,6331433;AL;PALMEIRA DOS ÍNDIOS
57608490;-9,406106;-36,6331433;AL;PALMEIRA DOS ÍNDIOS
57608495;-9,406106;-36,6331433;AL;PALMEIRA DOS ÍNDIOS
57608500;-9,406106;-36,6331433;AL;PALMEIRA DOS ÍNDIOS
57608504;-9,3987141;-36,6568237;AL;PALMEIRA DOS ÍNDIOS
57608505;-9,406106;-36,6331433;AL;PALMEIRA DOS ÍNDIOS
57608506;-9,4079508;-36,6506051;AL;PALMEIRA DOS ÍNDIOS
57608508;-9,3987824;-36,6216625;AL;PALMEIRA DOS ÍNDIOS
57608510;-9,4000672;-36,6599038;AL;PALMEIRA DOS ÍNDIOS
57608512;-9,3996093;-36,6574305;AL;PALMEIRA DOS ÍNDIOS
57608514;-9,3997499;-36,6573962;AL;PALMEIRA DOS ÍNDIOS
57608515;-9,406106;-36,6331433;AL;PALMEIRA DOS ÍNDIOS
57608516;-9,3980799;-36,6566829;AL;PALMEIRA DOS ÍNDIOS
57608518;-9,4120373;-36,6322917;AL;PALMEIRA DOS ÍNDIOS
57608525;-9,406106;-36,6331433;AL;PALMEIRA DOS ÍNDIOS
57608530;-9,3994004;-36,660714;AL;PALMEIRA DOS ÍNDIOS
57608535;-9,3994004;-36,660714;AL;PALMEIRA DOS ÍNDIOS
57608540;-9,406106;-36,6331433;AL;PALMEIRA DOS ÍNDIOS
57608545;-9,406106;-36,6331433;AL;PALMEIRA DOS ÍNDIOS
57608550;-9,4023195;-36,6584155;AL;PALMEIRA DOS ÍNDIOS
57608555;-9,406106;-36,6331433;AL;PALMEIRA DOS ÍNDIOS
57608560;-9,4146415;-36,6325506;AL;PALMEIRA DOS ÍNDIOS
57608710;-9,404564;-36,6323829;AL;PALMEIRA DOS ÍNDIOS
57608720;-9,4081431;-36,636549;AL;PALMEIRA DOS ÍNDIOS
57609899;-9,406106;-36,6331433;AL;PALMEIRA DOS ÍNDIOS
57610100;-9,406106;-36,6331433;AL;ANUM NOVO (PALMEIRA DOS ÍNDIOS)
57610200;-9,406106;-36,6331433;AL;ANUM VELHO (PALMEIRA DOS ÍNDIOS)
57610400;-9,406106;-36,6331433;AL;BOA SORTE (PALMEIRA DOS ÍNDIOS)
57611000;-9,406106;-36,6331433;AL;RIACHO FUNDO DE CIMA (PALMEIRA DOS ÍNDIOS)
57611200;-9,406106;-36,6331433;AL;LAGOA DA AREIA (PALMEIRA DOS ÍNDIOS)
57611400;-9,406106;-36,6331433;AL;LAGOA DO CANTO (PALMEIRA DOS ÍNDIOS)
57611500;-9,406106;-36,6331433;AL;LAGOA DANTAS (PALMEIRA DOS ÍNDIOS)
57611600;-9,406106;-36,6331433;AL;LAGOA DO EXÚ (PALMEIRA DOS ÍNDIOS)
57611700;-9,406106;-36,6331433;AL;LAGOA DO RANCHO (PALMEIRA DOS ÍNDIOS)
57611800;-9,406106;-36,6331433;AL;LAJES DO CALDEIRÃO (PALMEIRA DOS ÍNDIOS)
57611900;-9,406106;-36,6331433;AL;MOREIRA (PALMEIRA DOS ÍNDIOS)
57612000;-9,406106;-36,6331433;AL;SERRA DA MANDIOCA (PALMEIRA DOS ÍNDIOS)
57612500;-9,424627;-36,640336;AL;SERRA DO SÃO JOSÉ (PALMEIRA DOS ÍNDIOS)
57613500;-9,4138218;-36,6566161;AL;PALMEIRA DE FORA (PALMEIRA DOS ÍNDIOS)
